gene,sequence,normalized_counts_A,normalized_counts_B
ATG10,GCGACTGCTACAGGGACCAT,0.074062740026752,0.06779847297561806
ATG4B,GGGGCTCACGGACATCAACG,0.05210338895467839,0.04546775632506506
ATG7,TCCGTGACCGTACCATGCAG,0.05200846982387945,0.04494160525620731
ATG10,ACAGACATGTCTTCCCATGG,0.04836661261338565,0.04685814890424155
ATG3,TAGTCCACCACTGTCCAACA,0.0353004247441265,0.027107945055593025
ATG16L1,GAAAACTACGGAAGAGAACC,0.034815957500528696,0.028439372428776834
ATG5,AAGAAGACATTAGTGAGATA,0.02561715469654164,0.023355455171266012
ATG12,TGCTGGAGGGGAAGGACTTA,0.023502356462341216,0.026702166744530978
ATG7,AAAGCAACAACATACCACAC,0.023320491407730442,0.02051954277890804
ULK1,CTACGAGAAGAACAAGACGT,0.021376927285491308,0.02066817696679491
ATG9A,CTCAGCTTGCTGGTACACTG,0.01426444697646499,0.013651666360210419
ATG5,AAAAAGATCACAAGCAACTC,0.014089795775794937,0.011506240019092166
RB1CC1,GGGAGAGTTAGTATGCCTTG,0.013441308274176568,0.01305050038432056
Non-Targeting,TGTCTTCGGATAGGCGGCTT,0.013334998847681752,0.013708538126937085
PIK3R4,CTGGCAAATTCGTAAACATG,0.012770419857689645,0.011789552133092495
ATG14,AGCTTTACAGTCGAGCACAA,0.012080927291566132,0.009404078089471501
ATG3,TTGCTCAGCACTATGTGAAG,0.011923741210963084,0.011891432844038426
ATG9A,GGATGTGAGCGAGGATCACG,0.011181853284638554,0.011615098860924804
PPIAL4D,GTGGAAGCCACGGAGCACTT,0.010704220218458278,0.011245257923929301
HPD,TAGCTCTCTGCGATCCATTG,0.010532986106496986,0.011071153558305947
ATG101,CGTGTGCAGCACAGCCAGCA,0.009993465767035801,0.010732016397211958
ATG16L1,ACTGAATTACACAAGAAACG,0.009057183460835038,0.007388096076301674
ATG13,TCACCCTAGTTATAGCAAGA,0.008695351734229471,0.007808179555681472
MEIG1,TTGGCATGACTTACTGATTT,0.008675988231546488,0.010688751985714371
ATG5,GGCCATCAATCGGAAACTCA,0.008579170718131567,0.009507354426594773
SIAE,TCACTCTGATACGTGGATGG,0.008470583232497577,0.0089494528622025
ULK1,CCTGACCTGGAAACTGCGCG,0.008402241458322338,0.010848551183019974
Non-Targeting,TGTGTTAGCCGAGATCTCTG,0.008310739416232159,0.0045490435250446866
NCOA1,TTTGAAACAGTGATGACTCG,0.007889678152008053,0.007097456924870303
MEIG1,TTGTTTCACTTGTCTATATT,0.0074868413608973425,0.00587419058043046
ATP6V0A4,ATCACACCGGCTATGAACCT,0.006612066651454294,0.004206417298507343
UBE2H,TAGCATCGAGAGTAAACATG,0.006594601531387289,0.004493916291039696
Non-Targeting,TGTGAAAGTTTATGGTGTTA,0.006484875016183712,0.005506443082700969
CLDN7,TGGCAGATGAGCTCCTATGC,0.0063667956174698285,0.007231088131350753
CORO1C,TGAGATGGACACTAGCAATG,0.005765767681250928,0.009965119812762793
ATP6V0A4,TGTTGGAGAGCGTCAATGTG,0.0056909714061813615,0.006197626947029357
ATG101,GATGCACTGCGCAACTCTGG,0.005525432442068007,0.006638993725613614
C6orf141,GATCTGCCGTTCTGTCCTCG,0.0054707590227278165,0.005720671700922893
COX7C,GGTCCGTAGGAGCCACTATG,0.005447219078289679,0.007507422114464374
ACER1,AGGGCGTAGGCGTTGACCGT,0.005422540104281954,0.00496110215390477
ABCD4,CATGCAGATTCGGGTGAATG,0.005370524420604134,0.005372114063131848
P2RY2,CCATGAGCACGTAACAGACA,0.005339770622225276,0.005369322810777165
MAGEA3,ACTGAGTGCTGCTTGGAACT,0.00484695049511717,0.004658949086510331
C6orf141,GGAATTGGACCGTGAGTCCT,0.004758865541735752,0.00704861000866335
Non-Targeting,TGTGCACAAGTCGCAACGAA,0.004677235089248662,0.0009839164550257719
ACSM4,ATGTGTCCCTGGTCAGACAG,0.00466660414659918,0.005243018641727757
CISD2,GGAGCTGCACCTTCACGATA,0.004591048518483223,0.004045222475024398
ATG12,TATTATGAAAACAAAGAAGT,0.004506380653810566,0.00452985366510624
RBM38,TTCACCAAGATCTTCGTGGG,0.004479043944140471,0.00465825127342166
MAML1,TACAGATTCCCCCAGCCTAG,0.004395515109037402,0.00445658329079581
NDUFB3,AGCTGGCTGCAAAAGGGCTA,0.004368937752413699,0.0026768110081410363
ADIPOR1,ACGGTGGAACTGGCTGAACT,0.004291863418204958,0.004561255254096425
ACTN3,GCAGTTTGGCGTAGTCGATG,0.004191628816081275,0.004081508755635277
PTH2,CTACCTGAGGACCCCGACCG,0.004175302725583857,0.004947145892131355
CYP7B1,GGGCAATGTATTATCTTCTG,0.00403064597024627,0.0037483030057949888
CCDC27,TGGCCTCCTTAGGTAACATG,0.003961924519547836,0.00809672526784683
GLRX2,AAAGGATGTTTACACGTGGG,0.003938764251632894,0.004028823867440634
NEK7,ATTACAGAAGGCCTTACGAC,0.003935726839447327,0.0038002900809009604
PTH2,GGGCGACTCCCGAGGCAGTG,0.003933448780308153,0.005484113063863505
BAHCC1,CTATGCAAACCACCGCCCCG,0.003888267274047857,0.003901821885302556
ZDHHC6,TTAGGAACAACCATAGCTGT,0.0038233425885813802,0.0031202712259913046
TIAM1,TGAGGAGAGCAGGCTTTACG,0.003822203559011793,0.0032860018345506102
CLDN7,CATGAAGTGCACGCGCTGTG,0.00374892599003501,0.005828832729666861
CNTROB,AAGGGGTAAGGCGTACTGGA,0.0037208299273185233,0.003959042558573558
SPANXN3,TGTTTGGTACCTCTTGCATC,0.0036448946226793695,0.004465305954404195
SIAE,TTCAGAGTCATATTGCACAG,0.003616798559962883,0.0020103995084604603
BRICD5,GTGAAGACCAAGCCCTCCTG,0.0034379709175376763,0.004659646899599002
WDR45,TCAGCACGATCACGATCCTG,0.0034113935609139724,0.004258404373613314
LDLRAD3,CCAGGCGGGACAGCAGCACA,0.0033658323781304805,0.0032221519369372356
Non-Targeting,TGTCTTTAAACACGCCATCG,0.0033221695779629672,0.005546567335299538
MPLKIP,AGCAATTCGGCTACTCCCCA,0.003312677664883073,0.0019120078629578832
SPANXN3,ATTTGTGTATTACCTCAGGA,0.0032610416577284486,0.0030633994592646377
MAGEA3,GAAATGCTGGGGAGTGTCGT,0.0032420578315686603,0.0064582601356478865
TPSG1,CCTGAACTCATCCGACTACC,0.0031816892643805332,0.003292979965437318
ZBTB14,TGAACCCTGAGCGTTGTGGT,0.0030058990341408926,0.005294307903745058
ADM2,GGATGGTGGCCGCCAACACT,0.0029671720287749244,0.002975823916636457
ADAL,GTTCCATGCCCGATTCTGTC,0.0028733919275455697,0.002547017773648275
BECN1,GAACCTCAGCCGAAGACTGA,0.0028236543030069243,0.0034314958635384635
DHX34,AGAGGTTGATGCGGTAACGT,0.002809226595125485,0.008691610925938655
HOXC13,GGTTCACGTTGTGCGACAGG,0.0027788524732698236,0.0032047066097204667
COMMD3-BMI1,TTGTATACAAATTAGTTCCA,0.002755312528831686,0.0013488727004005796
SLMO1,CTCTCCCCGCAGCCACCCGT,0.002711270052140977,0.004425181701805626
RB1CC1,ACTACGATTGACACTAAAGA,0.0026581153388935694,0.0013066550085359986
TBC1D30,CTTGAGAGCATCGTACCACT,0.0026505218084296542,0.003583270210324354
GABRA1,GCATTTGGAGGACTTCCCTA,0.0026448266605817177,0.004585678712199901
AAED1,CGCGGGCAGCGGGTACCGTT,0.0025992654777982254,0.0018711857972706436
STX5,GGGTGAATTCACTGCGTTGT,0.002518394378357527,0.0021391460233202157
SERPINB5,CAGCTAAAATGTTCTCAAAG,0.0025013089348137176,0.005180215463747389
LDLRAD3,ACCAATGAGTGCAACATACC,0.0024978918461049555,0.0032755346382205485
CCDC27,CAGCTCCTCCTCAAACGACT,0.0024827047851771248,0.0009228578097670804
ARIH2,GTGCTCACACTAAAGACGTA,0.0024713144894812516,0.0027814829714416503
CNTROB,GGTGGAGGGTAAATACAGCT,0.0024470151919967226,0.0022623100334706048
MAML1,AAGGCTTGTCAGACTGACCG,0.0024189191292802357,0.0037472562861619826
ADAL,GTTAGCATTGCATCTTTCAG,0.0024174004231874526,0.0023973368661283968
VANGL2,GGACAATGAGTCCACACGAG,0.00240601012749158,0.005352924203193402
TBC1D30,GGTCTGATTAGGGAGGCATG,0.002382470183053442,0.003269254320422512
GLRX2,ATCTTTGGAGAATTTAGCGA,0.0023718392404039608,0.00167963610443052
BAHCC1,GTGGGACACCTGGCCGACAA,0.002330454499375622,0.003553962060600182
IDO2,AAAACCTTAGGACAGATGCA,0.002330074822852426,0.0015083229911618482
SDCBP,CAGAGCTCTCTCAATACATG,0.0023217219393421194,0.0029803597017128173
KRTAP1-4,CACCCAGATTGCCACGTGGA,0.002320962586295728,0.0025082891472270477
WDR45,TGATACCCGGGACAACCCCA,0.0023095722905998547,0.0022647523792809526
RSPH1,CCAACGGGGACACCTACGAA,0.002286412022684913,0.0018233856006966967
FZD9,ATCACCCGCCACCTTGCGCA,0.0022351556920534844,0.0012529234007083502
FZD9,ATCATGGAGCAGTTCAACTT,0.0022085783354297804,0.002203693734022261
CORO1C,TCATCTGGAATGTGGGAACA,0.0021987067458266907,0.002458046604842753
CISD2,CTACATGTTTAGTTTCAGAA,0.002180482272713294,0.0024109442213574766
RND2,CGCCAAGGACGCCTATCCCG,0.0021072047037365106,0.001547400524127411
SCAP,TGTTCCTGGGAAGTACAGCG,0.002068857374893738,0.0014661052992972674
SERPINB5,CATGTTCATCCTACTACCCA,0.002019879103401484,0.0018485068718888439
COX20,TGGAGTAGGAGGGTTTATCT,0.002013804279030352,0.002477585371325534
KRTAP1-4,GGAGCCACAGGTCCCACTGG,0.002011526219891177,0.00041589660084777314
PPIAL4D,GCCCAAGGGCTTGCCATCCC,0.0019310347969736744,0.0021426350887635694
ACOX1,CAAGCTGACTTACGGGACCA,0.0019135696769066691,0.00223928220154447
LIN7A,TATGCGAGAGATATAAATGG,0.001910152588197907,0.0012145436808314583
TMEM39A,GGGGTGATTAAGGCTGTGAT,0.0019067354994891453,0.0026000515683872526
ANKRD34B,CAATGCCGATCCCAACATAC,0.0018862329672365739,0.0025389929231285613
ARIH2,GACATAGAGGACTATTACGT,0.001851682403625759,0.0014469154393588215
MAGED1,GAGAGACTGAGAGAAATTGT,0.001848265314916997,0.0020616887704777613
TRMT44,CGATTAACCAATCAACATCA,0.0018315595478963832,0.0023868696697983355
AAED1,CACCCGCACGAACACCACCA,0.001825484723525251,0.001323402522664097
ZDHHC6,CTTCACTGTGTTCCACCCAA,0.0018243456939556636,0.00137678522394741
NLRP3,AAAAGAGATGAGCCGAAGTG,0.001789415453821653,0.0008583100990650352
P2RY2,GTCGTAAGACGCCCAGACAC,0.0017647364798139282,0.0013945794577085145
MAP1LC3B,CATCCAACCAAAATCCCGGT,0.0017522071545484678,0.000705837939190474
COX20,TTCTAGTCCCTTAAGCTCCT,0.0017381591231902245,0.002456302072121076
RBM38,TGGTGGGTAGATGTAGTGCG,0.0017043679126258011,0.002871849766424514
UBR4,CCGAGCCCACACTACCACCG,0.0016303309906026263,0.0034956946676961737
PIK3R4,ATTTCTTTGACACATCACGG,0.001598438162654182,0.0017305764599034855
CRK,GTCTATACTTCTCGACGTAA,0.0015862885139119173,0.0006521063313628255
COX7C,TCACAACCTCTGTGGTCCGT,0.0015449037728835786,0.0013258448684744446
RSPH1,ATCAATAATGACACCTACAC,0.0015407273311284252,0.0009144840527030313
C9orf131,GCTATATCTAAGGACTTCTG,0.0015130109449351342,0.0007794572200452392
LIN7A,CTGTCCCGAATTCCGTGCGA,0.0015092141797031764,0.0015788021131175952
MAPK15,TGCAGCACCCCTACGTGCAG,0.0015031393553320443,0.0025560893438009947
RBM12B,GTGCCATAAGTCGTTCAGGA,0.001475422969138753,0.0009423965762498617
SCAP,ACATCTACTTCTCCACGCGT,0.0014716262039067955,0.0017037106559896612
DHX34,CGGATCTGGTAGCCGACCTG,0.001465931056058859,0.001937478040694366
ATG4B,CGTTTCCTGCAGATTCCGAC,0.0014564391429789647,0.0014200496354449972
ABCD4,CGTTGAGGGTGTAGTACGCA,0.0014534017307933987,0.002704025718599196
ACSM4,TGGGCAGAATCACGGCCAAA,0.0014526423777470072,0.0009190198377793913
SNF8,CTGGCGCTGAAGCATCGGAA,0.001434797581156806,0.0019238706854652861
UBE2H,GGGCAAGAGGCGGATGGACA,0.0014317601689712398,0.001890724563753425
SFXN5,TGCTGGAGGACTATAAGCAT,0.001428343080262478,0.0029716370381044324
ATG13,AATGTGAACTCACCTACTGG,0.001363038718272806,0.000966471127809003
PDGFRB,AGTCCACCAGGTCTCCGTAG,0.0013311458903243615,0.0007033955933801264
PIK3C3,CTCACCAAAGCTCATCGACA,0.0013106433580717899,0.0007093270046338278
USP17L15,AGCTTCATGTCAAGGCACTC,0.0012817879423089116,0.0005128926201730088
ZBTB14,GTTCGGAAGGTCAATTGCTA,0.0012806489127393243,0.001968530723140215
VANGL2,GCACGCAGCACAAAGACGCG,0.0012783708536001498,0.000982869735392766
KCNA2,GGGACCCAAAGAAACGAATG,0.0012776115005537583,0.001372947251959721
GSTP1,GGAGGTTCAAGACTCACCAA,0.0012574886448243824,0.0019950476205097037
STRN,TTCACACAGGTATCTACAGG,0.001253312203069229,0.0009737981652400459
MAPK15,TGTGGCCACGTACTCTGTCA,0.0012259754933991339,0.0009989194364321934
USP17L15,TACATGTCTCAGACGAACTC,0.001222178728167176,0.001287814055141888
ZNF646,CAGGCAGCCTTATCAACCAC,0.0012020558724378004,0.0017707007125020542
SNF8,GACAACTTCTTACAGGCCAG,0.0011993981367754301,0.0011311550167353024
SLMO1,CCCCGCTCACCGCTCTCACG,0.0011849704288939909,0.002494681791997968
KCNA2,TTGTACTACTACCAGTCAGG,0.001175098839290901,0.0017836102546424633
TBC1D14,GATATTTAACTCGTTGCCAA,0.0011432060113424564,0.0010920774837697399
PRPSAP2,AGAGGCGCAGGATGCCGAGT,0.0011409279522032818,0.0024053617166481106
PLD5,GAACATGACCGCTTACAACA,0.0011238425086594723,0.001965041657696861
ENTPD4,GGACAAACCATATACCTACG,0.0011215644495202977,0.0017675605536030359
SFXN5,CAGTGACAAAGAGTGTGCGA,0.0010706877954120648,0.003294375591614659
DAPL1,GAAAGACATACCAAAAAAAC,0.0010615755588553664,0.0014120247849252834
MPLKIP,GGGAAGCTGCCGCCGTGTCG,0.0010441104387883611,0.0005383627979094915
ANKRD34B,CAGAGTGGCTTCATTGCAAG,0.0010281640248141388,0.0015515874026594354
C9orf131,AAGCAACTATAAGCCTGACG,0.0010110785812703293,0.0011622076991811513
TCHP,ACAGGCGACCAAACTAAAGA,0.0009765280176595144,0.001327938307740457
HPD,GCCAAGGTCTCACCATTCGG,0.0009761483411363187,0.0003600715537541123
ZNF92,GTTTATTAAGAATCGAGAAC,0.0009704531932883822,0.0012511788679866731
TRMT44,GCCCCCTTACAACTCCCAGG,0.0009541271027909641,0.00036949203045116754
NDUFB3,GAAGCTTGGAGATACATGGG,0.0009298278053064351,0.0013174711114103954
MAGEA5,TCTGATTATTATCAACCACC,0.0009195765391801493,0.0008045784912373866
UBR4,GAGTGTGTCATATTGCAAGG,0.0008592079719920222,0.00037647016133787514
MAP1LC3B,CTCGCGGCGACACTCACCGA,0.0008474379997729535,0.0014577315422332183
SDCBP,ACTATACATACCCCCTGAAG,0.0008394647927858423,0.0008502852485453214
BRICD5,GCCTTCTCAACAGGTCCAAG,0.0008364273806002762,0.001244549643644301
CRK,CATTCCCATTAAAGTCAAAG,0.0008170638779172921,0.0004640457039660556
TBC1D14,AGCTCTATCAAGGAAACCCG,0.0008166842013940963,0.0009448389220602094
C6orf226,TCCCAGGGCTTGGGCCTCCG,0.0007863100795384349,0.0008171391268334603
TIAM1,CTGGAGTGACAGCAAACGGG,0.0007639091646698845,0.00036111827338711845
HOXC13,GAGCCTTATGTACGTCTATG,0.0007475830741724666,0.0018485068718888439
PLD5,GGTTTGGACTGGCAATCCCT,0.0007213853940719586,0.000561739536379962
ACOX1,CATTTAATGGAGGTCACAGT,0.0007175886288400009,0.00038693735766793657
KRIT1,CCTGATTCAGTAGCATATGC,0.0007001235087729956,0.0014123736914696187
C6orf226,AAGGGACTCAGCCAAAGCCG,0.0006951877139714506,8.478429027349737e-05
NCOA1,GAAGGACCCAATAACTCCGT,0.000671647769533313,0.001187677876917634
ADIPOR1,AAATCACTCACCAAGCAGAT,0.0006583590912214611,0.0006824612007200035
GSTP1,TGAGGGAGATGTATTTGCAG,0.0006097604962524029,0.0010673051191219278
COMMD3-BMI1,GAGCTGACAAGTCAACTCTA,0.0005972311709869425,0.00019713219754948977
STX5,GACCCACTCCAACACCATTG,0.000573691226548805,0.0013052593823586571
STRN,TTTGAAATTATCCAGCACGG,0.0005710334908864346,0.00014828528134253657
ZBTB11,AAAACTTAGTACAGAAGTAT,0.0005630602838993234,0.0003817037595029059
MAGED1,GTGGATTCGGCCAGACAACA,0.0005345845446596409,0.0013429412891468782
KRIT1,CCAGTTAGATAGTGACCACT,0.0005296487498580959,0.0009312315668311296
ZNF92,TGGTAGACAAAACCCCAGGT,0.0004882640088297572,0.0002526083380988152
ACER1,CCAGGAAGCTGAGCGTCATG,0.00048636562621377836,0.0009741470717843814
PEX7,GCGCAGCACTACGGCATCGC,0.0004821891844586249,0.0006908349577840527
ENTPD4,CACGATCCCATAGTTCACAT,0.00045523215131172543,0.0002623777213402059
NEK7,GCTGTAATGAACACATTAGC,0.00043662800167513285,0.0015261172249229527
GABRA1,TCACTGTCATTATGCATGGC,0.00041384741028338676,0.001095915455757429
ZNF646,GTTCCGCAGATGATTACGGT,0.00039941970240194756,3.1401588990184214e-05
TCHP,AGGCCCGACGGGAAAAGCTC,0.00038423264147411686,0.0005826739290400848
IDO2,GGGCTGCAAGATAGCATTCG,0.0003785374936261804,0.0008604035383310474
TPSG1,TGACCGGCTGGGGCTATACG,0.00037284234577824384,0.0007679433040821716
DAPL1,AGGATTCGAGAAAACAAGGT,0.0003489227248169105,0.00025016599228846754
RND2,CCTGTTACACATGAGCAGGT,0.00031627054382207446,0.0010184582029149746
ZBTB11,TGTAATTAGTAGCTCGCCAG,0.0002923509228607411,0.0006702494716682652
PRPSAP2,AAACTCGAATTCATCATGTA,0.0002862760984896088,0.0013307295600951399
PDGFRB,TTCCATCGGATCTCGTAACG,0.00027450612627054,0.0008565655663433583
GABRA4,GACAGCAGCAAACTCGATAA,0.0002578003592499262,0.0005264999754020887
PEX7,AGAACTCGGCGGCGTAGCCG,0.0002524848879251855,0.0
CYP7B1,TGCGCCGGACAAGCAAGCAG,0.00023084332610302674,0.00043299302152020674
ATG14,ACTCCGTGGACGATGCGGAG,0.00021565626517519603,0.0005931411253701463
GABRA4,TGCAGTTTAAACGAATCCCC,0.0001773089363324235,0.0004410178720399205
NLRP3,AGAGATTGATCTCAATCTTG,0.00016288122845098434,0.0
RBM12B,CAGAGTCTTGAACATCACAA,1.5187060927830708e-06,0.00016259044966028714
ADM2,GGCTGCGGGACAGCGAGCCA,3.796765231957677e-07,0.00010118289785726024
TMEM39A,AGAGGAAAGTGCCTCGACTG,0.0,0.0007477067245107196
MAGEA5,CCTCATGTCACATTAAGGCA,0.0,3.4890654433538013e-07
